{
  "personalMilestone": [
    106.59999999403954,
    12.200000047683716,
    1570.4000000059605,
    140,
    1663.7000000178814,
    312.09999999403954,
    20.69999998807907,
    68.30000001192093,
    273.59999999403954,
    239.09999999403954,
    493.5
  ],
  "createMilestoneWithImage": [
    28826.19999998808,
    38585.40000000596,
    48243.5,
    49464.69999998808,
    30927.80000001192
  ],
  "balance": [
    231.89999997615814,
    8.800000011920929,
    324.69999998807907,
    10.199999988079071,
    210,
    17,
    110.40000000596046,
    9.5,
    10.299999982118607,
    215.90000000596046,
    8.700000017881393,
    13,
    260.7000000178814,
    10.599999994039536,
    9.799999982118607,
    342.10000002384186,
    13.099999994039536,
    112.2000000178814,
    796.7999999821186,
    211.59999999403954,
    8.599999994039536,
    963.6999999880791,
    28.900000005960464,
    10.300000011920929,
    801.0999999940395,
    212,
    9.599999994039536,
    920.9000000059605,
    23.400000005960464,
    126.19999998807907,
    386.59999999403954,
    204.30000001192093,
    4.799999982118607,
    510,
    4.800000011920929,
    4.9000000059604645,
    544.5,
    4.5,
    4.9000000059604645,
    257,
    6.699999988079071,
    105.60000002384186,
    6.5,
    106.5,
    140.2999999821186,
    203.19999998807907,
    5.0999999940395355,
    15.400000005960464,
    5.200000017881393,
    202.40000000596046,
    14.800000011920929,
    7.300000011920929,
    202.19999998807907,
    5.9000000059604645,
    4.9000000059604645,
    201.09999999403954,
    4.5,
    4.9000000059604645,
    202.90000000596046,
    4.9000000059604645,
    4.5,
    201.09999999403954,
    4.5999999940395355,
    4.300000011920929,
    469.5,
    5.5999999940395355,
    4.5,
    204.5,
    4.5999999940395355,
    102.59999999403954,
    204.80000001192093,
    5.5,
    6,
    204.10000002384186,
    6.300000011920929,
    5,
    405.19999998807907,
    5.4000000059604645,
    5.699999988079071,
    313.09999999403954,
    98.59999999403954,
    105.60000002384186,
    105.40000000596046,
    204.39999997615814,
    71.5,
    5.5,
    203,
    6,
    5.5999999940395355,
    208.59999999403954,
    14.599999994039536,
    5.200000017881393,
    201.90000000596046,
    5,
    204.5,
    5.700000017881393,
    4.600000023841858,
    205.5,
    5,
    6,
    403.80000001192093,
    361.90000000596046,
    6.5,
    11.400000005960464,
    308.30000001192093,
    6.799999982118607,
    5.5,
    204.40000000596046,
    5.200000017881393,
    5.9000000059604645,
    106.5,
    105.69999998807907,
    202.69999998807907,
    4.600000023841858,
    5.800000011920929,
    204.40000000596046,
    258.60000002384186,
    4.300000011920929,
    201.40000000596046,
    4.9000000059604645,
    4.4000000059604645,
    207,
    4.700000017881393,
    5,
    204.2000000178814,
    4.800000011920929,
    4.800000011920929,
    207.5,
    4.800000011920929,
    6,
    207.69999998807907,
    4.5999999940395355,
    4.5,
    204.59999999403954,
    110,
    4.700000017881393,
    105.60000002384186,
    4.600000023841858,
    4.5,
    127.19999998807907,
    4.4000000059604645,
    104.90000000596046,
    4.300000011920929,
    103.10000002384186,
    4.699999988079071,
    103.2999999821186,
    4.300000011920929,
    103.59999999403954,
    4.9000000059604645,
    126,
    4.4000000059604645,
    104.40000000596046,
    4.300000011920929,
    103.40000000596046,
    4.5,
    103.30000001192093,
    14.599999994039536,
    105.69999998807907,
    6.0999999940395355,
    109.69999998807907,
    101.40000000596046,
    98,
    92.80000001192093,
    123.60000002384186,
    106.59999999403954,
    5.0999999940395355,
    105.2999999821186,
    92.40000000596046,
    190.09999999403954,
    63.69999998807907,
    98.90000000596046,
    26.799999982118607,
    649.9000000059605,
    5.100000023841858,
    106.5,
    5.5,
    4.700000017881393,
    309.80000001192093,
    5.4000000059604645,
    4.799999982118607,
    106.40000000596046,
    204.7000000178814,
    4.700000017881393,
    5.4000000059604645,
    204.5,
    5.0999999940395355,
    5.0999999940395355,
    204.7999999821186,
    5.5,
    5,
    204.5,
    5,
    5.300000011920929,
    253.30000001192093,
    5.0999999940395355,
    4.600000023841858,
    202.19999998807907,
    5.300000011920929,
    4.300000011920929,
    202.7999999821186,
    4.399999976158142,
    5.199999988079071,
    203.2000000178814,
    4.9000000059604645,
    5.0999999940395355,
    338.5,
    6.699999988079071,
    27,
    106.69999998807907,
    6,
    5.0999999940395355,
    203.09999999403954,
    104.69999998807907,
    4.800000011920929,
    74,
    204.2000000178814,
    5.299999982118607,
    5.5,
    205,
    5.699999988079071,
    5.5999999940395355,
    205.2000000178814,
    7,
    5.4000000059604645,
    203.89999997615814,
    4.899999976158142,
    4.4000000059604645,
    203.40000000596046,
    4.9000000059604645
  ],
  "verifyMilestone": [
    1456.800000011921,
    1337.6000000238419,
    1516.6000000238419,
    228.80000001192093,
    229.30000001192093,
    206.5,
    225.7000000178814
  ],
  "mint NFT": [
    30482.69999998808,
    48807.80000001192,
    35019.19999998808,
    53212.70000001788
  ],
  "nftFetch": [
    5190.799999982119,
    23.80000001192093,
    45,
    40.900000005960464,
    32.89999997615814,
    49.19999998807907,
    268,
    57.69999998807907,
    236.40000000596046,
    223.69999998807907,
    30.399999976158142,
    40,
    36.80000001192093,
    29,
    48,
    88,
    42.10000002384186,
    58.19999998807907,
    52.70000001788139,
    238.90000000596046,
    62.10000002384186,
    59.69999998807907,
    1772,
    23.69999998807907,
    34.10000002384186,
    62.19999998807907,
    37.19999998807907
  ],
  "nftTransfer": [
    28291.70000001788,
    20526.09999999404,
    21390.30000001192,
    17291.90000000596
  ]
}