{
  "createMilestoneWithImage": [
    11447.5,
    10401.400000035763,
    7489.899999976158,
    11829.09999999404,
    9605.099999964237,
    8002.800000011921,
    12275.199999988079,
    13146.599999964237,
    9213.800000011921,
    9143.900000035763,
    9782.5,
    8854.5,
    12529.300000011921,
    12874.399999976158,
    8702.09999999404,
    8539.90000000596,
    12359.90000000596,
    12896.299999982119,
    13342.199999988079,
    369.30000001192093,
    115.69999998807907,
    168.19999998807907,
    12953.800000011921,
    13627.59999999404,
    8702.699999988079,
    13790.699999988079,
    12793.09999999404
  ],
  "personalMilestone": [
    1809.5999999940395,
    289.19999998807907,
    254.7999999821186,
    210.19999998807907,
    220.80000001192093,
    278.7999999821186,
    294.40000000596046,
    270.80000001192093,
    8.699999988079071,
    41.10000002384186
  ],

  "transfer": [
    13527.700000017881,
    12351.199999988079,
    12261.09999999404
  ],
  "sharedMilestones": [
    5369.199999988079,
    5383.799999982119,
    5391.5,
    477.2000000178814,
    182,
    430.60000002384186,
    1697,
    423,
    472.5,
    197.30000001192093,
    112.89999997615814,
    107.69999998807907
  ]
}